


/* * * * * * * * * * * * * * * * * * * * * * * * * * * * * * * * */
/*               Q U A L I F I K A T I O N E N                   */
/* * * * * * * * * * * * * * * * * * * * * * * * * * * * * * * * */


--- einfache Kurse und Weiterbildungen
insert into QUALIFIKATION(bezeichnung, "LEVEL") values('Gabelstapler Führerschein', 1);
insert into QUALIFIKATION(bezeichnung, "LEVEL") values('Fahrzeug Führerschein', 1);
insert into QUALIFIKATION(bezeichnung, "LEVEL") values('Mondfahrzeug Grundkurs', 1);
insert into QUALIFIKATION(bezeichnung, "LEVEL") values('Brandsicherheit bei Raketen Grundkurs', 1);
insert into QUALIFIKATION(bezeichnung, "LEVEL") values('Elektor-Motor Grundkurs', 1);
insert into QUALIFIKATION(bezeichnung, "LEVEL") values('Industrieeinkauf Grundkurs', 1);

--- berufliche Ausbildung
insert into QUALIFIKATION(bezeichnung, "LEVEL") values('Koch Ausbildung', 2);
insert into QUALIFIKATION(bezeichnung, "LEVEL") values('Kommunikationstechnik Ausbildung', 2);
insert into QUALIFIKATION(bezeichnung, "LEVEL") values('Kaufmann Ausbildung', 2);
insert into QUALIFIKATION(bezeichnung, "LEVEL") values('Pflege Ausbildung', 2);
insert into QUALIFIKATION(bezeichnung, "LEVEL") values('Intensivpflege Ausbildung', 2);
insert into QUALIFIKATION(bezeichnung, "LEVEL") values('Labortechnischer Assistent Ausbildung', 2);
insert into QUALIFIKATION(bezeichnung, "LEVEL") values('Teleskop-Steuerung Ausbildung', 2);
insert into QUALIFIKATION(bezeichnung, "LEVEL") values('IT-Systemintegration Ausbildung', 2);
insert into QUALIFIKATION(bezeichnung, "LEVEL") values('Astro-Datenauswertung Ausbildung', 2);
insert into QUALIFIKATION(bezeichnung, "LEVEL") values('Wasserversorgungs-Management Ausbildung', 2);
insert into QUALIFIKATION(bezeichnung, "LEVEL") values('Wasseraufbereitungstechniker Ausbildung', 2);
insert into QUALIFIKATION(bezeichnung, "LEVEL") values('Wasseraufbereitungs-Management Ausbildung', 2);
insert into QUALIFIKATION(bezeichnung, "LEVEL") values('Wassernetz-Management Ausbildung', 2);
insert into QUALIFIKATION(bezeichnung, "LEVEL") values('Sauerstoffanlagentechniker Ausbildung', 2);
insert into QUALIFIKATION(bezeichnung, "LEVEL") values('Funktechniker Ausbildung', 2);
insert into QUALIFIKATION(bezeichnung, "LEVEL") values('Chemisch-Technischer-Assistent Ausbildung', 2);
insert into QUALIFIKATION(bezeichnung, "LEVEL") values('Industriereiniger Ausbildung', 2);
insert into QUALIFIKATION(bezeichnung, "LEVEL") values('Anlagentechniker Ausbildung', 2);
insert into QUALIFIKATION(bezeichnung, "LEVEL") values('Energiespeicher-Management Ausbildung', 2);
insert into QUALIFIKATION(bezeichnung, "LEVEL") values('Stromnetz-Management Ausbildung', 2);
insert into QUALIFIKATION(bezeichnung, "LEVEL") values('Raketenmechatroniker Ausbildung', 2);
insert into QUALIFIKATION(bezeichnung, "LEVEL") values('Triebwerksmechaniker Ausbildung', 2);
insert into QUALIFIKATION(bezeichnung, "LEVEL") values('Lageristen Ausbildung', 2);
insert into QUALIFIKATION(bezeichnung, "LEVEL") values('Lagerlogistik Ausbildung', 2);
insert into QUALIFIKATION(bezeichnung, "LEVEL") values('Transportlogistik Ausbildung', 2);
insert into QUALIFIKATION(bezeichnung, "LEVEL") values('Fahrzeug-Mechatroniker Ausbildung', 2);
insert into QUALIFIKATION(bezeichnung, "LEVEL") values('Photovoltaik-Anlagensteuerung Ausbildung', 2);
insert into QUALIFIKATION(bezeichnung, "LEVEL") values('Lösch- und Brandmeister Ausbildung', 2);
insert into QUALIFIKATION(bezeichnung, "LEVEL") values('Raumfahrtverkehrslotsen Ausbildung', 2);
insert into QUALIFIKATION(bezeichnung, "LEVEL") values('Industrieelektriker Ausbildung', 2);
insert into QUALIFIKATION(bezeichnung, "LEVEL") values('Photovoltaikinstallateur Ausbildung', 2);
insert into QUALIFIKATION(bezeichnung, "LEVEL") values('Stromnetzmanagement Ausbildung', 2);
insert into QUALIFIKATION(bezeichnung, "LEVEL") values('Photovoltaik-Anlagen-Management Ausbildung', 2);

--- berufliche Fortbildung
insert into QUALIFIKATION(bezeichnung, "LEVEL") values('Fortbildung für chemische Wasseraufbereitung', 3);
insert into QUALIFIKATION(bezeichnung, "LEVEL") values('Fortbildung für Photvoltaik-Staubmanagement', 3);
insert into QUALIFIKATION(bezeichnung, "LEVEL") values('Fortbildung für Vakuum-Schweißen', 3);
insert into QUALIFIKATION(bezeichnung, "LEVEL") values('Fortbildung für Rhenium-Schweißen', 3);
insert into QUALIFIKATION(bezeichnung, "LEVEL") values('Fortbildung für Wolfram-Schweißen', 3);
insert into QUALIFIKATION(bezeichnung, "LEVEL") values('Fortbildung für Low-Gravity-Löscharbeiten', 3);
insert into QUALIFIKATION(bezeichnung, "LEVEL") values('Fortbildung für Brandmanagement bei Raketen', 3);
insert into QUALIFIKATION(bezeichnung, "LEVEL") values('Fortbildung für Hochspannungstechnik', 3);
insert into QUALIFIKATION(bezeichnung, "LEVEL") values('Fortbildung für Energiespeichertechnik', 3);
insert into QUALIFIKATION(bezeichnung, "LEVEL") values('Fortbildung für Photovoltaikmanagement', 3);
insert into QUALIFIKATION(bezeichnung, "LEVEL") values('Fortbildung für Photovoltaik-Management', 3);
insert into QUALIFIKATION(bezeichnung, "LEVEL") values('Fortbildung für Teleskop-IT-Systeme', 3);
insert into QUALIFIKATION(bezeichnung, "LEVEL") values('Fortbildung für Geologie-Labortechnik', 3);
insert into QUALIFIKATION(bezeichnung, "LEVEL") values('Fortbildung für Chemie-Labortechnik', 3);
insert into QUALIFIKATION(bezeichnung, "LEVEL") values('Fortbildung für Biologie-Labortechnik', 3);
insert into QUALIFIKATION(bezeichnung, "LEVEL") values('Fortbildung für Laborreinigung', 3);
insert into QUALIFIKATION(bezeichnung, "LEVEL") values('Fortbildung für Stationsleitung', 3);
insert into QUALIFIKATION(bezeichnung, "LEVEL") values('Fortbildung für Intensivmedizin', 3);
insert into QUALIFIKATION(bezeichnung, "LEVEL") values('Fortbildung für OP-Pflege', 3);
insert into QUALIFIKATION(bezeichnung, "LEVEL") values('Fortbildung für Anästhesie', 3);
insert into QUALIFIKATION(bezeichnung, "LEVEL") values('Fortbildung Unfallchirurgie', 3);
insert into QUALIFIKATION(bezeichnung, "LEVEL") values('Fortbildung Herzchirurgie', 3);
insert into QUALIFIKATION(bezeichnung, "LEVEL") values('Fortbildung Thoraxchirurgie', 3);
insert into QUALIFIKATION(bezeichnung, "LEVEL") values('Fortbildung Neurochirurgie', 3);
insert into QUALIFIKATION(bezeichnung, "LEVEL") values('Fortbildung Visceralchirurgie', 3);
insert into QUALIFIKATION(bezeichnung, "LEVEL") values('Fortbildung für Krankenhausreinigung', 3);
insert into QUALIFIKATION(bezeichnung, "LEVEL") values('Fortbildung für Aeroponik', 3);
insert into QUALIFIKATION(bezeichnung, "LEVEL") values('Fortbildung für Aquaponik', 3);
insert into QUALIFIKATION(bezeichnung, "LEVEL") values('Fortbildung für Sauerstoffnotversorgung', 3);
insert into QUALIFIKATION(bezeichnung, "LEVEL") values('Fortbildung für IT-Leitung', 3);
insert into QUALIFIKATION(bezeichnung, "LEVEL") values('Fortbildung Kommunikationsleitung', 3);
insert into QUALIFIKATION(bezeichnung, "LEVEL") values('Fortbildung Personalmangement', 3);
insert into QUALIFIKATION(bezeichnung, "LEVEL") values('Fortbildung für Transportlogistik', 3);
insert into QUALIFIKATION(bezeichnung, "LEVEL") values('Fortbildung für Elektrolysetechnik', 3);
insert into QUALIFIKATION(bezeichnung, "LEVEL") values('Fortbildung für CO2-Abschneidetechnik', 3);
insert into QUALIFIKATION(bezeichnung, "LEVEL") values('Fortbildung für Fischer-Tropsch-Reaktionen', 3);
insert into QUALIFIKATION(bezeichnung, "LEVEL") values('Fortbildung für Elektro-Fahrzeuge', 3);
insert into QUALIFIKATION(bezeichnung, "LEVEL") values('Fortbildung für Restaurantleitung', 3);

--- Bachelorabschluss
insert into QUALIFIKATION(bezeichnung, "LEVEL") values('BWL Bachelor', 4);
insert into QUALIFIKATION(bezeichnung, "LEVEL") values('Missionsmanagement Bachelor', 4);
insert into QUALIFIKATION(bezeichnung, "LEVEL") values('Logistik Bachelor', 4);
insert into QUALIFIKATION(bezeichnung, "LEVEL") values('Energieproduktions-Management Bachelor', 4);

--- Meistertitel
insert into QUALIFIKATION(bezeichnung, "LEVEL") values('Schweißer Meister', 5);

--- Masterabschluss
insert into QUALIFIKATION(bezeichnung, "LEVEL") values('Chemie Master', 6);
insert into QUALIFIKATION(bezeichnung, "LEVEL") values('Logistik Master', 6);
insert into QUALIFIKATION(bezeichnung, "LEVEL") values('Botanik Master', 6);

--- Promotion
insert into QUALIFIKATION(bezeichnung, "LEVEL") values('Geologie Doktor', 7);
insert into QUALIFIKATION(bezeichnung, "LEVEL") values('Chemie Doktor', 7);
insert into QUALIFIKATION(bezeichnung, "LEVEL") values('Biologie Doktor', 7);
insert into QUALIFIKATION(bezeichnung, "LEVEL") values('Doktor Medizin', 7);
insert into QUALIFIKATION(bezeichnung, "LEVEL") values('Astronomie Doktor', 7);

--- Habilitation
insert into QUALIFIKATION(bezeichnung, "LEVEL") values('Geologie Habilitation', 8);
insert into QUALIFIKATION(bezeichnung, "LEVEL") values('Chemie Habilitation', 8);
insert into QUALIFIKATION(bezeichnung, "LEVEL") values('Biologie Habilitation', 8);
insert into QUALIFIKATION(bezeichnung, "LEVEL") values('Astronomie Habilitation', 8);






/* * * * * * * * * * * * * * * * * * * * * * * * * * * * * * * * */
/*	   		                 J O B S		  		             */
/* * * * * * * * * * * * * * * * * * * * * * * * * * * * * * * * */


--- von JOBS benötigte JOBRESSOURCEN
insert into GERAET(bezeichnung, hersteller)
values('Schweißgerät', NULL);

--- von JOBS benötigte JOBGERAETE
insert into RESSOURCE(bezeichnung, typ)
values('Bodenreiniger', 'Verbrauchsprodukte');



declare
    jobid       NUMBER(38);
    raumid      NUMBER(38);
    chefid      NUMBER(38);
    chefid2     NUMBER(38);

    startdate   DATE := to_date('2025-01-01', 'YYYY-MM-DD');

    ressid      NUMBER(38);
    geraetid    NUMBER(38);

begin
    --- im 14 Tage Rythmus über die ersten 12 Wochen von 2025 iterieren
    for we in 0..5 loop

    --- Landeplatz-Kontrollturm ---
        --- Raketenverkehrslotse (1 Monat)
        if ((we = 0) or (we = 2) or (we = 4)) then
            select r.id
            into raumid
            from RAUM r
            join GEBAEUDE g on (r.gebaeude_standort_x = g.standort_x and r.gebaeude_standort_y = g.standort_y)
            where (g.name = 'Landeplatz-Kontrollturm')
            and (r.bezeichnung = 'Kontrollraum');

            for i in 0..2 loop
                insert into JOB(RAUM_id, titel, auftrag, gehalt, befristet) values(raumid, 'Raketenverkehrslotse', 'Überwachung des Fluggeschehens am Rakten-Landeplatz, Koordinierung von Starts und Landungen, Kommunikation mit den entsprechenden Besatzungen', 4000.00, 1);
                select JOB_seq.currval into jobid from dual;
                insert into JOBQUALIFIKATION(JOB_id, QUALI_bezeichnung) values(jobid, 'Raumfahrtverkehrslotsen Ausbildung');

                --- 3 Schichten (früh, spät, nachts)
                for dy in 0..27 loop
                    insert into ARBEITSZEIT(JOB_id, datum, schicht_beginn, schicht_ende)
                    values(jobid, (startdate + (we * 14) + dy),
                        (to_date('00:00', 'HH24:MI') + (i * INTERVAL '8' HOUR)),
                        (to_date('07:50', 'HH24:MI') + (i * INTERVAL '8' HOUR))
                    );
                end loop;
            end loop;
        end if;


        --- Lösch- und Brandmeister (1 Monat)
        if ((we = 0) or (we = 2) or (we = 4)) then
            insert into JOB(RAUM_id, titel, auftrag, gehalt, befristet) values(raumid, 'Lösch- und Brandmeister', 'Brandsicherheit am Raketen-Landeplatz sicherstellen, bei Notfällen entsprechenden Löschmanöver anleiten', 3600.00, 1);
            select JOB_seq.currval into jobid from dual;
            select JOB_seq.currval into chefid from dual;
            insert into JOBQUALIFIKATION(JOB_id, QUALI_bezeichnung) values(jobid, 'Lösch- und Brandmeister Ausbildung');
            insert into JOBQUALIFIKATION(JOB_id, QUALI_bezeichnung) values(jobid, 'Fortbildung für Low-Gravity-Löscharbeiten');
            insert into JOBQUALIFIKATION(JOB_id, QUALI_bezeichnung) values(jobid, 'Fortbildung für Brandmanagement bei Raketen');

            for dy in 0..27 loop
                insert into ARBEITSZEIT(JOB_id, datum, schicht_beginn, schicht_ende)
                values(jobid, (startdate + (we * 14) + dy),
                    to_date('08:00', 'HH24:MI'),
                    to_date('16:00', 'HH24:MI')
                );
            end loop;
        end if;



    --- Raketen-Hangar ---
        --- Schweißermeister für Raketen (1 Monat)
        if ((we = 0) or (we = 2) or (we = 4)) then
            select r.id
            into raumid
            from RAUM r
            join GEBAEUDE g on (r.gebaeude_standort_x = g.standort_x and r.gebaeude_standort_y = g.standort_y)
            where (g.name = 'Reparatur-Hangar')
            and (r.bezeichnung = 'Reparaturhalle');

            insert into JOB(CHEF_id, RAUM_id, titel, auftrag, gehalt, befristet) values(chefid, raumid, 'Schweißermeister für Raketen', 'Vakuum-Schweißarbeiten an Materialien wie Rhenium und Wolfram', 4120.00, 1);
            select JOB_seq.currval into jobid from dual;
            select JOB_seq.currval into chefid from dual;
            insert into JOBQUALIFIKATION(JOB_id, QUALI_bezeichnung) values(jobid, 'Schweißer Meister');
            insert into JOBQUALIFIKATION(JOB_id, QUALI_bezeichnung) values(jobid, 'Brandsicherheit bei Raketen Grundkurs');
            insert into JOBQUALIFIKATION(JOB_id, QUALI_bezeichnung) values(jobid, 'Fortbildung für Vakuum-Schweißen');
            insert into JOBQUALIFIKATION(JOB_id, QUALI_bezeichnung) values(jobid, 'Fortbildung für Rhenium-Schweißen');
            insert into JOBQUALIFIKATION(JOB_id, QUALI_bezeichnung) values(jobid, 'Fortbildung für Wolfram-Schweißen');

            for dy in 0..27 loop
                insert into ARBEITSZEIT(JOB_id, datum, schicht_beginn, schicht_ende)
                values(jobid, (startdate + (we * 14) + dy),
                    to_date('08:00', 'HH24:MI'),
                    to_date('16:00', 'HH24:MI')
                );
            end loop;

            select id
            into geraetid
            from GERAET
            where bezeichnung = 'Schweißgerät' and hersteller is null;

            insert into JOBGERAET(JOB_id, GERAET_id) values(jobid, geraetid);
        end if;



    --- Solarpark ---
        --- Solarpark-Manager (3 Monate)
        if (we = 0) then
            select r.id
            into raumid
            from RAUM r
            join GEBAEUDE g on (r.gebaeude_standort_x = g.standort_x and r.gebaeude_standort_y = g.standort_y)
            where (g.name = 'Solarpark-Steuerung')
            and (r.bezeichnung = 'Büro (Leitung)');

            insert into JOB(CHEF_id, RAUM_id, titel, auftrag, gehalt, befristet) values(chefid, raumid, 'Solarpark-Manager', 'Leitung des Solarparks, Verantwortung über Stromerzeugung, Energiespeicherung und Netzüberwachung', 13000, 1);
            select JOB_seq.currval into jobid from dual;
            select JOB_seq.currval into chefid from dual;
            insert into JOBQUALIFIKATION(JOB_id, QUALI_bezeichnung) values(jobid, 'Energieproduktions-Management Bachelor');
            insert into JOBQUALIFIKATION(JOB_id, QUALI_bezeichnung) values(jobid, 'Fortbildung für Photovoltaik-Management');

            for dy in 0..83 loop
                insert into ARBEITSZEIT(JOB_id, datum, schicht_beginn, schicht_ende)
                values(jobid, (startdate + dy),
                    to_date('08:00', 'HH24:MI'),
                    to_date('16:00', 'HH24:MI')
                );
            end loop;
        end if;


        --- Elektriker für Energiespeichertechnik (2 Wochen)
        insert into JOB(CHEF_id, RAUM_id, titel, auftrag, gehalt, befristet) values(chefid, raumid, 'Elektriker für Energiespeichertechnik', 'Funktion des Akkus gewährleisten, Wartungsarbeiten und Reparaturen am Akku durchführen, bei Bedarf Notstromaggregat steuern', 1285, 1);
        select JOB_seq.currval into jobid from dual;
        insert into JOBQUALIFIKATION(JOB_id, QUALI_bezeichnung) values(jobid, 'Industrieelektriker Ausbildung');
        insert into JOBQUALIFIKATION(JOB_id, QUALI_bezeichnung) values(jobid, 'Fortbildung für Energiespeichertechnik');

        for dy in 0..13 loop
            insert into ARBEITSZEIT(JOB_id, datum, schicht_beginn, schicht_ende)
            values(jobid, (startdate + (we * 14) + dy),
                to_date('08:00', 'HH24:MI'),
                to_date('16:00', 'HH24:MI')
            );
        end loop;


        --- 2x Photovoltaik-Installateur (2 Wochen)
        for i in 1..2 loop
            insert into JOB(CHEF_id, RAUM_id, titel, auftrag, gehalt, befristet) values(chefid, raumid, 'Photovoltaik-Installateur', 'Reparaturen bestehender Photovoltaikmodule, Austausch von defekten Modulen und Inbetriebnahme entsprechend ausgetauschter Module am Solarpark', 1310, 1);
            select JOB_seq.currval into jobid from dual;
            insert into JOBQUALIFIKATION(JOB_id, QUALI_bezeichnung) values(jobid, 'Photovoltaikinstallateur Ausbildung');
            insert into JOBQUALIFIKATION(JOB_id, QUALI_bezeichnung) values(jobid, 'Fortbildung für Photvoltaik-Staubmanagement');

            for dy in 0..13 loop
                insert into ARBEITSZEIT(JOB_id, datum, schicht_beginn, schicht_ende)
                values(jobid, (startdate + (we * 14) + dy),
                    to_date('08:00', 'HH24:MI'),
                    to_date('16:00', 'HH24:MI')
                );
            end loop;
        end loop;


        --- 2x Photovoltaikanlagen-Controller (2 Wochen)
        for i in 1..2 loop
            select r.id
            into raumid
            from RAUM r
            join GEBAEUDE g on (r.gebaeude_standort_x = g.standort_x and r.gebaeude_standort_y = g.standort_y)
            where (g.name = 'Solarpark-Steuerung')
            and (r.bezeichnung = 'Büro (Steuerung Solaranlage)');

            insert into JOB(CHEF_id, RAUM_id, titel, auftrag, gehalt, befristet) values(chefid, raumid, 'Photovoltaikanlagen-Controller', 'Steuerung und Überwachung der Stromerzeugung im Solarpark', 1450, 1);
            select JOB_seq.currval into jobid from dual;
            insert into JOBQUALIFIKATION(JOB_id, QUALI_bezeichnung) values(jobid, 'Photovoltaik-Anlagen-Management Ausbildung');

            for dy in 0..13 loop
                insert into ARBEITSZEIT(JOB_id, datum, schicht_beginn, schicht_ende)
                values(jobid, (startdate + (we * 14) + dy),
                    to_date('08:00', 'HH24:MI'),
                    to_date('16:00', 'HH24:MI')
                );
            end loop;
        end loop;


        --- 2x Energienetz-Controller (2 Wochen)
        for i in 1..2 loop
            select r.id
            into raumid
            from RAUM r
            join GEBAEUDE g on (r.gebaeude_standort_x = g.standort_x and r.gebaeude_standort_y = g.standort_y)
            where (g.name = 'Solarpark-Steuerung')
            and (r.bezeichnung = 'Büro (Überwachung Stromnetz)');

            insert into JOB(CHEF_id, RAUM_id, titel, auftrag, gehalt, befristet) values(chefid, raumid, 'Energienetz-Controller', 'Steuerung und Überwachung des Energienetzes der Mondbasis, Überwachung der Netzauslastung, Verantwortung über Gewährleistung der Stromversorgung', 1725, 1);
            select JOB_seq.currval into jobid from dual;
            insert into JOBQUALIFIKATION(JOB_id, QUALI_bezeichnung) values(jobid, 'Stromnetz-Management Ausbildung');
            
            for dy in 0..13 loop
                insert into ARBEITSZEIT(JOB_id, datum, schicht_beginn, schicht_ende)
                values(jobid, (startdate + (we * 14) + dy),
                    to_date('08:00', 'HH24:MI'),
                    to_date('16:00', 'HH24:MI')
                );
            end loop;
        end loop;



    --- Wasseraufbereitungsanlage ---
        --- Wasseraufbereitungsanlagen-Manager (3 Monate)
        if (we = 0) then
            select r.id
            into raumid
            from RAUM r
            join GEBAEUDE g on (r.gebaeude_standort_x = g.standort_x and r.gebaeude_standort_y = g.standort_y)
            where (g.name = 'Wasseraufbereitung-Steuerung')
            and (r.bezeichnung = 'Büro (Leitung)');

            insert into JOB(RAUM_id, titel, auftrag, gehalt, befristet) values(raumid, 'Wasseraufbereitungsanlagen-Manager', 'Leitung der Wasseraufbereitungsanlage, Verantwortung über Aufbereitung und Netzüberwachung', 12450, 1);
            select JOB_seq.currval into jobid from dual;
            select JOB_seq.currval into chefid from dual;
            insert into JOBQUALIFIKATION(JOB_id, QUALI_bezeichnung) values(jobid, 'Wasserversorgungs-Management Ausbildung');
            insert into JOBQUALIFIKATION(JOB_id, QUALI_bezeichnung) values(jobid, 'Fortbildung für chemische Wasseraufbereitung');
            
            for dy in 0..83 loop
                insert into ARBEITSZEIT(JOB_id, datum, schicht_beginn, schicht_ende)
                values(jobid, (startdate + dy),
                    to_date('08:00', 'HH24:MI'),
                    to_date('16:00', 'HH24:MI')
                );
            end loop;
        end if;


        --- leitender Techniker für Wasseraufbereitung (2 Wochen)
        insert into JOB(CHEF_id, RAUM_id, titel, auftrag, gehalt, befristet) values(chefid, raumid, 'leitender Techniker für Wasseraufbereitung', 'Verantwortung über ein Team von Technikern zur Bedienung der technischen Geräte in der Wasseraufbereitungsanlage, Wartungsarbeiten und Reparaturen durchführen', 1630, 1);
        select JOB_seq.currval into jobid from dual;
        select JOB_seq.currval into chefid2 from dual;
        insert into JOBQUALIFIKATION(JOB_id, QUALI_bezeichnung) values(jobid, 'Wasseraufbereitungstechniker Ausbildung');
        insert into JOBQUALIFIKATION(JOB_id, QUALI_bezeichnung) values(jobid, 'Fortbildung für chemische Wasseraufbereitung');
        
        for dy in 0..13 loop
            insert into ARBEITSZEIT(JOB_id, datum, schicht_beginn, schicht_ende)
            values(jobid, (startdate + (we * 14) + dy),
                to_date('08:00', 'HH24:MI'),
                to_date('16:00', 'HH24:MI')
            );
        end loop;


        --- 2x Techniker für Wasseraufbereitung (2 Wochen)
        for i in 1..2 loop
            select r.id
            into raumid
            from RAUM r
            join GEBAEUDE g on (r.gebaeude_standort_x = g.standort_x and r.gebaeude_standort_y = g.standort_y)
            where (g.name = 'Wasseraufbereitung-Steuerung')
            and (r.bezeichnung = 'Pausenraum');

            insert into JOB(CHEF_id, RAUM_id, titel, auftrag, gehalt, befristet) values(chefid2, raumid, 'Techniker für Wasseraufbereitung', 'Bedienung der technischen Geräte in der Wasseraufbereitungsanlage, Wartungsarbeiten und Reparaturen durchführen', 1275, 1);
            select JOB_seq.currval into jobid from dual;
            insert into JOBQUALIFIKATION(JOB_id, QUALI_bezeichnung) values(jobid, 'Wasseraufbereitungstechniker Ausbildung');

            for dy in 0..13 loop
                insert into ARBEITSZEIT(JOB_id, datum, schicht_beginn, schicht_ende)
                values(jobid, (startdate + (we * 14) + dy),
                    to_date('08:00', 'HH24:MI'),
                    to_date('16:00', 'HH24:MI')
                );
            end loop;
        end loop;



    --- Sternwarte ---
        --- Astronomie-Forscher (1 Monat)
        if((we = 0) or (we = 2) or (we = 4)) then
            select r.id
            into raumid
            from RAUM r
            join GEBAEUDE g on (r.gebaeude_standort_x = g.standort_x and r.gebaeude_standort_y = g.standort_y)
            where (g.name = 'Sternwarte')
            and (r.bezeichnung = 'Kontrollraum');

            insert into JOB(RAUM_id, titel, auftrag, gehalt, befristet) values(raumid, 'Astronomie-Forscher', 'Durchführung einzelner Astronomischer Beobachtungen auf Auftrag des Internationalen Astronomieverbands', 5210, 1);
            select JOB_seq.currval into jobid from dual;
            select JOB_seq.currval into chefid from dual;
            insert into JOBQUALIFIKATION(JOB_id, QUALI_bezeichnung) values(jobid, 'Astronomie Doktor');
            insert into JOBQUALIFIKATION(JOB_id, QUALI_bezeichnung) values(jobid, 'Astronomie Habilitation');

            for dy in 0..27 loop
                insert into ARBEITSZEIT(JOB_id, datum, schicht_beginn, schicht_ende)
                values(jobid, (startdate + (we * 14) + dy),
                    to_date('18:00', 'HH24:MI'),
                    to_date('23:50', 'HH24:MI')
                );
            end loop;
        end if;


        --- Teleskop-Controller (2 Wochen)
        insert into JOB(CHEF_id, RAUM_id, titel, auftrag, gehalt, befristet) values(chefid, raumid, 'Teleskop-Controller', 'Steuerung des Teleskops in der Sternwarte', 1420, 1);
        select JOB_seq.currval into jobid from dual;
        insert into JOBQUALIFIKATION(JOB_id, QUALI_bezeichnung) values(jobid, 'Teleskop-Steuerung Ausbildung');

        for dy in 0..13 loop
            insert into ARBEITSZEIT(JOB_id, datum, schicht_beginn, schicht_ende)
            values(jobid, (startdate + (we * 14) + dy),
                to_date('18:00', 'HH24:MI'),
                to_date('23:50', 'HH24:MI')
            );
        end loop;


        --- Fachkraft für Astro-Datenauswertung (2 Wochen)
        insert into JOB(CHEF_id, RAUM_id, titel, auftrag, gehalt, befristet) values(chefid, raumid, 'Fachkraft für Astro-Datenauswertung', 'Auswertung der Daten in der Sternwarte, Zuarbeiten für den fest beschäftigten Forscher bzw. für Forscher aktueller Missionen', 1420, 1);
        select JOB_seq.currval into jobid from dual;
        insert into JOBQUALIFIKATION(JOB_id, QUALI_bezeichnung) values(jobid, 'Astro-Datenauswertung Ausbildung');

        for dy in 0..13 loop
            insert into ARBEITSZEIT(JOB_id, datum, schicht_beginn, schicht_ende)
            values(jobid, (startdate + (we * 14) + dy),
                to_date('18:00', 'HH24:MI'),
                to_date('23:50', 'HH24:MI')
            );
        end loop;



    --- Labor ---
        --- Labortechnischer Assistent (2 Wochen)
        select r.id
        into raumid
        from RAUM r
        join GEBAEUDE g on (r.gebaeude_standort_x = g.standort_x and r.gebaeude_standort_y = g.standort_y)
        where (g.name = 'Labor')
        and (r.bezeichnung = 'Geräte-Lagerraum');

        insert into JOB(RAUM_id, titel, auftrag, gehalt, befristet) values(raumid, 'Labortechnischer Assistent', 'Instandhaltung des Bestands an Laborgeräte im Lager', 1345, 1);
        select JOB_seq.currval into jobid from dual;
        insert into JOBQUALIFIKATION(JOB_id, QUALI_bezeichnung) values(jobid, 'Labortechnischer Assistent Ausbildung');

        for dy in 0..13 loop
            insert into ARBEITSZEIT(JOB_id, datum, schicht_beginn, schicht_ende)
            values(jobid, (startdate + (we * 14) + dy),
                to_date('08:00', 'HH24:MI'),
                to_date('16:00', 'HH24:MI')
            );
        end loop;


        --- Gebäudereiniger (2 Wochen)
        insert into JOB(RAUM_id, titel, auftrag, gehalt, befristet) values(raumid, 'Gebäudereiniger', 'Reinigung der Räumlichkeiten des Geologie-, Chemie- und Biologielabors', 1280, 1);
        select JOB_seq.currval into jobid from dual;
        insert into JOBQUALIFIKATION(JOB_id, QUALI_bezeichnung) values(jobid, 'Fortbildung für Laborreinigung');

        for dy in 0..13 loop
            insert into ARBEITSZEIT(JOB_id, datum, schicht_beginn, schicht_ende)
            values(jobid, (startdate + (we * 14) + dy),
                to_date('18:00', 'HH24:MI'),
                to_date('22:00', 'HH24:MI')
            );
        end loop;

        select id
        into ressid
        from RESSOURCE
        where bezeichnung = 'Bodenreiniger';

        insert into JOBRESSOURCE(JOB_id, RESSOURCE_id) values(jobid, ressid);



    --- Krankenhaus ---
        --- 3 Schichten (früh, spät, nachts)
        for i in 0..2 loop
            --- Chefarzt für Intensivmedizin (2 Wochen)
            select r.id
            into raumid
            from RAUM r
            join GEBAEUDE g on (r.gebaeude_standort_x = g.standort_x and r.gebaeude_standort_y = g.standort_y)
            where (g.name = 'Krankenhaus')
            and (r.bezeichnung = 'Pausenraum');

            insert into JOB(RAUM_id, titel, auftrag, gehalt, befristet) values(raumid, 'Chefarzt für Intensivmedizin', 'ärztliche Leitung der Notaufnahme des Krankenhauses', 4730, 1);
            select JOB_seq.currval into jobid from dual;
            select JOB_seq.currval into chefid from dual;
            insert into JOBQUALIFIKATION(JOB_id, QUALI_bezeichnung) values(jobid, 'Doktor Medizin');
            insert into JOBQUALIFIKATION(JOB_id, QUALI_bezeichnung) values(jobid, 'Fortbildung für Intensivmedizin');
            insert into JOBQUALIFIKATION(JOB_id, QUALI_bezeichnung) values(jobid, 'Fortbildung für Stationsleitung');

            for dy in 0..13 loop
                insert into ARBEITSZEIT(JOB_id, datum, schicht_beginn, schicht_ende)
                values(jobid, (startdate + (we * 14) + dy),
                    (to_date('00:00', 'HH24:MI') + (i * INTERVAL '8' HOUR)),
                    (to_date('07:50', 'HH24:MI') + (i * INTERVAL '8' HOUR))
                );
            end loop;


            --- 2x Fachkraft für Intensivpflege (2 Wochen)
            for j in 1..2 loop
                insert into JOB(CHEF_id, RAUM_id, titel, auftrag, gehalt, befristet) values(chefid, raumid, 'Fachkraft für Intensivpflege', 'Pflegearbeiten in der Notaufnahme des Krankenhauses', 1630, 1);
                select JOB_seq.currval into jobid from dual;
                insert into JOBQUALIFIKATION(JOB_id, QUALI_bezeichnung) values(jobid, 'Intensivpflege Ausbildung');

                for dy in 0..13 loop
                    insert into ARBEITSZEIT(JOB_id, datum, schicht_beginn, schicht_ende)
                    values(jobid, (startdate + (we * 14) + dy),
                        (to_date('00:00', 'HH24:MI') + (i * INTERVAL '8' HOUR)),
                        (to_date('07:50', 'HH24:MI') + (i * INTERVAL '8' HOUR))
                    );
                end loop;
            end loop;
        end loop;


        if((we = 0) or (we = 2) or (we = 4)) then
            --- Facharzt für Allgemeinchirurgie (1 Monat)
            insert into JOB(RAUM_id, titel, auftrag, gehalt, befristet) values(raumid, 'Facharzt für Allgemeinchirurgie', 'Chirurgische Arbeiten bei Operationen im Krankenhaus, Schwerpunkte Unfallchirurgie, Thoraxchirurgie, Herzchirurgie', 8325, 1);
            select JOB_seq.currval into jobid from dual;
            select JOB_seq.currval into chefid from dual;
            insert into JOBQUALIFIKATION(JOB_id, QUALI_bezeichnung) values(jobid, 'Doktor Medizin');
            insert into JOBQUALIFIKATION(JOB_id, QUALI_bezeichnung) values(jobid, 'Fortbildung Unfallchirurgie');
            insert into JOBQUALIFIKATION(JOB_id, QUALI_bezeichnung) values(jobid, 'Fortbildung Herzchirurgie');
            insert into JOBQUALIFIKATION(JOB_id, QUALI_bezeichnung) values(jobid, 'Fortbildung Thoraxchirurgie');

            for dy in 0..27 loop
                insert into ARBEITSZEIT(JOB_id, datum, schicht_beginn, schicht_ende)
                values(jobid, (startdate + (we * 14) + dy),
                    to_date('08:00', 'HH24:MI'),
                    to_date('16:00', 'HH24:MI')
                );
            end loop;


            --- Anästhesist (1 Monat)
            insert into JOB(RAUM_id, titel, auftrag, gehalt, befristet) values(raumid, 'Anästhesist', 'anästhesistische Behandlung bei Operationen im Krankenhaus', 7760, 1);
            select JOB_seq.currval into jobid from dual;
            insert into JOBQUALIFIKATION(JOB_id, QUALI_bezeichnung) values(jobid, 'Doktor Medizin');
            insert into JOBQUALIFIKATION(JOB_id, QUALI_bezeichnung) values(jobid, 'Fortbildung für Anästhesie');

            for dy in 0..27 loop
                insert into ARBEITSZEIT(JOB_id, datum, schicht_beginn, schicht_ende)
                values(jobid, (startdate + (we * 14) + dy),
                    to_date('08:00', 'HH24:MI'),
                    to_date('16:00', 'HH24:MI')
                );
            end loop;


            --- Chefarzt (1 Monat)
            select r.id
            into raumid
            from RAUM r
            join GEBAEUDE g on (r.gebaeude_standort_x = g.standort_x and r.gebaeude_standort_y = g.standort_y)
            where (g.name = 'Krankenhaus')
            and (r.bezeichnung = 'Büro 1');

            insert into JOB(RAUM_id, titel, auftrag, gehalt, befristet) values(raumid, 'Chefarzt', 'ärztliche Leitung der Station des Krankenhauses', 7315, 1);
            select JOB_seq.currval into jobid from dual;
            select JOB_seq.currval into chefid from dual;
            insert into JOBQUALIFIKATION(JOB_id, QUALI_bezeichnung) values(jobid, 'Doktor Medizin');
            insert into JOBQUALIFIKATION(JOB_id, QUALI_bezeichnung) values(jobid, 'Fortbildung für Stationsleitung');

            for dy in 0..27 loop
                insert into ARBEITSZEIT(JOB_id, datum, schicht_beginn, schicht_ende)
                values(jobid, (startdate + (we * 14) + dy),
                    to_date('08:00', 'HH24:MI'),
                    to_date('16:00', 'HH24:MI')
                );
            end loop;


            --- in 3 Schichten (früh, spät, nachts)
            for j in 0..2 loop
                --- 2x Fachkraft für Pflege (1 Monat)
                for k in 1..2 loop
                    select r.id
                    into raumid
                    from RAUM r
                    join GEBAEUDE g on (r.gebaeude_standort_x = g.standort_x and r.gebaeude_standort_y = g.standort_y)
                    where (g.name = 'Krankenhaus')
                    and (r.bezeichnung = 'Patientenzimmer');

                    insert into JOB(CHEF_id, RAUM_id, titel, auftrag, gehalt, befristet) values(chefid, raumid, 'Fachkraft für Pflege', 'Pflegearbeiten auf der Station des Krankenhauses', 2820, 1);
                    select JOB_seq.currval into jobid from dual;
                    insert into JOBQUALIFIKATION(JOB_id, QUALI_bezeichnung) values(jobid, 'Pflege Ausbildung');

                    for dy in 0..27 loop
                        insert into ARBEITSZEIT(JOB_id, datum, schicht_beginn, schicht_ende)
                        values(jobid, (startdate + (we * 14) + dy),
                            (to_date('00:00', 'HH24:MI') + (j * INTERVAL '8' HOUR)),
                            (to_date('07:50', 'HH24:MI') + (j * INTERVAL '8' HOUR))
                        );
                    end loop;
                end loop;
            end loop;
        end if;



    --- Greenhouse
        --- Botaniker (2 Wochen)
        select r.id
        into raumid
        from RAUM r
        join GEBAEUDE g on (r.gebaeude_standort_x = g.standort_x and r.gebaeude_standort_y = g.standort_y)
        where (g.name = 'Greenhouse')
        and (r.bezeichnung = 'Lagerraum');

        insert into JOB(RAUM_id, titel, auftrag, gehalt, befristet) values(raumid, 'Botaniker', 'botanische Arbeiten im Greenhouse, Aufzucht von Pflanzen der Aero- und Aquaponik', 1640, 1);
        select JOB_seq.currval into jobid from dual;
        insert into JOBQUALIFIKATION(JOB_id, QUALI_bezeichnung) values(jobid, 'Botanik Master');
        insert into JOBQUALIFIKATION(JOB_id, QUALI_bezeichnung) values(jobid, 'Fortbildung für Aeroponik');
        insert into JOBQUALIFIKATION(JOB_id, QUALI_bezeichnung) values(jobid, 'Fortbildung für Aquaponik');

        for dy in 0..13 loop
            insert into ARBEITSZEIT(JOB_id, datum, schicht_beginn, schicht_ende)
            values(jobid, (startdate + (we * 14) + dy),
                to_date('06:00', 'HH24:MI'),
                to_date('14:00', 'HH24:MI')
            );
        end loop;


        --- Sauerstoffanlagen-Techniker (2 Wochen)
        select r.id
        into raumid
        from RAUM r
        join GEBAEUDE g on (r.gebaeude_standort_x = g.standort_x and r.gebaeude_standort_y = g.standort_y)
        where (g.name = 'Greenhouse')
        and (r.bezeichnung = 'Technikraum');

        insert into JOB(RAUM_id, titel, auftrag, gehalt, befristet) values(raumid, 'Sauerstoffanlagen-Techniker', 'dauerhafte Überwachung der Sauerstoffgewinnung der Sauerstoffanlage und der Sauerstoffversorgung im Greenhouse', 2165, 1);
        select JOB_seq.currval into jobid from dual;
        insert into JOBQUALIFIKATION(JOB_id, QUALI_bezeichnung) values(jobid, 'Sauerstoffanlagentechniker Ausbildung');
        insert into JOBQUALIFIKATION(JOB_id, QUALI_bezeichnung) values(jobid, 'Fortbildung für Sauerstoffnotversorgung');

        for dy in 0..13 loop
            insert into ARBEITSZEIT(JOB_id, datum, schicht_beginn, schicht_ende)
            values(jobid, (startdate + (we * 14) + dy),
                to_date('14:00', 'HH24:MI'),
                to_date('23:50', 'HH24:MI')
            );
        end loop;



    --- Kantine ---
        --- leitender Koch (2 Wochen)
        select r.id
        into raumid
        from RAUM r
        join GEBAEUDE g on (r.gebaeude_standort_x = g.standort_x and r.gebaeude_standort_y = g.standort_y)
        where (g.name = 'Kantine')
        and (r.bezeichnung = 'Pausenraum');

        insert into JOB(RAUM_id, titel, auftrag, gehalt, befristet) values(raumid, 'leitender Koch', 'Verantwortung über die Kantinen-Küche, Zubereitung von Speisen in der Kantinen-Küche', 1865, 1);
        select JOB_seq.currval into jobid from dual;
        select JOB_seq.currval into chefid from dual;
        insert into JOBQUALIFIKATION(JOB_id, QUALI_bezeichnung) values(jobid, 'Koch Ausbildung');
        insert into JOBQUALIFIKATION(JOB_id, QUALI_bezeichnung) values(jobid, 'Fortbildung für Restaurantleitung');

        for dy in 0..13 loop
            insert into ARBEITSZEIT(JOB_id, datum, schicht_beginn, schicht_ende)
            values(jobid, (startdate + (we * 14) + dy),
                to_date('07:00', 'HH24:MI'),
                to_date('15:00', 'HH24:MI')
            );
        end loop;


        --- 2x Koch (2 Wochen)
        for i in 1..2 loop
            insert into JOB(CHEF_id, RAUM_id, titel, auftrag, gehalt, befristet) values(chefid, raumid, 'Koch', 'Zubereitung von Speisen in der Kantinen-Küche', 1520, 1);
            select JOB_seq.currval into jobid from dual;
            insert into JOBQUALIFIKATION(JOB_id, QUALI_bezeichnung) values(jobid, 'Koch Ausbildung');

            for dy in 0..13 loop
                insert into ARBEITSZEIT(JOB_id, datum, schicht_beginn, schicht_ende)
                values(jobid, (startdate + (we * 14) + dy),
                    to_date('07:00', 'HH24:MI'),
                    to_date('15:00', 'HH24:MI')
                );
            end loop;
        end loop;



    --- Verwaltung ---
        if (we = 0) then
            --- Leitung der Mondbasis (unbefristet)
            select r.id
            into raumid
            from RAUM r
            join GEBAEUDE g on (r.gebaeude_standort_x = g.standort_x and r.gebaeude_standort_y = g.standort_y)
            where (g.name = 'Verwaltung')
            and (r.bezeichnung = 'Büro (Leitung Mondbasis)');

            insert into JOB(RAUM_id, titel, auftrag, erledigt, gehalt, befristet) values(raumid, 'Leitung der Mondbasis', 'Verantwortung über die Gesamte Mondbasis, Verantwortung über die Missionsvorhaben der Mondbasis, Kontakt mit leitenden Personen auf der Erde', 0, 9800, 0);
            select JOB_seq.currval into jobid from dual;
            select JOB_seq.currval into chefid from dual;


            --- Assistent der Mondbasis-Leitung (unbefristet)
            insert into JOB(CHEF_id, RAUM_id, titel, auftrag, erledigt, gehalt, befristet) values(chefid, raumid, 'Assistent der Mondbasis-Leitung', 'Unterstützung der Leitung der Mondbasis', 0, 18900, 0);
            select JOB_seq.currval into jobid from dual;
            select JOB_seq.currval into chefid2 from dual;
            insert into JOBQUALIFIKATION(JOB_id, QUALI_bezeichnung) values(jobid, 'BWL Bachelor');

            insert into ARBEITSZEIT(JOB_id, datum, schicht_beginn, schicht_ende)
            values(jobid, (to_date('2025-01-01', 'YYYY-MM-DD') + 0),
                to_date('08:00', 'HH24:MI'),
                to_date('18:00', 'HH24:MI')
            );
        end if;


        --- Sekräter (2 Wochen)
        select r.id
        into raumid
        from RAUM r
        join GEBAEUDE g on (r.gebaeude_standort_x = g.standort_x and r.gebaeude_standort_y = g.standort_y)
        where (g.name = 'Verwaltung')
        and (r.bezeichnung = 'Empfang');

        insert into JOB(CHEF_id, RAUM_id, titel, auftrag, gehalt, befristet) values(chefid2, raumid, 'Sekräter', 'Ansprechperson für Bewohner und Anrufer im Empfang der Verwaltung', 1360, 1);
        select JOB_seq.currval into jobid from dual;

        for dy in 0..13 loop
            insert into ARBEITSZEIT(JOB_id, datum, schicht_beginn, schicht_ende)
            values(jobid, (startdate + (we * 14) + dy),
                to_date('07:00', 'HH24:MI'),
                to_date('15:00', 'HH24:MI')
            );
        end loop;


        if (we = 0) then
            --- Manager für Jobvermittlung (3 Monate)
            select r.id
            into raumid
            from RAUM r
            join GEBAEUDE g on (r.gebaeude_standort_x = g.standort_x and r.gebaeude_standort_y = g.standort_y)
            where (g.name = 'Verwaltung')
            and (r.bezeichnung = 'Büro (Leitung Jobverwaltung)');

            insert into JOB(CHEF_id, RAUM_id, titel, auftrag, gehalt, befristet) values(chefid, raumid, 'Manager für Jobvermittlung', 'Leitung über die Abteilung Jobvermittlung', 16740, 1);
            select JOB_seq.currval into jobid from dual;
            select JOB_seq.currval into chefid2 from dual;
            insert into JOBQUALIFIKATION(JOB_id, QUALI_bezeichnung) values(jobid, 'Fortbildung Personalmangement');

            for dy in 0..83 loop
                insert into ARBEITSZEIT(JOB_id, datum, schicht_beginn, schicht_ende)
                values(jobid, (startdate + dy),
                    to_date('08:00', 'HH24:MI'),
                    to_date('18:00', 'HH24:MI')
                );
            end loop;
        end if;


        if((we = 0) or (we = 2) or (we = 4)) then
            --- 3x Jobvermittler (1 Monat)
            for i in 1..3 loop
                insert into JOB(CHEF_id, RAUM_id, titel, auftrag, gehalt, befristet) values(chefid2, raumid, 'Jobvermittler', 'Ausschreibung und Vergabe von Jobs an Bewohner', 2350, 1);
                select JOB_seq.currval into jobid from dual;

                for dy in 0..27 loop
                    insert into ARBEITSZEIT(JOB_id, datum, schicht_beginn, schicht_ende)
                    values(jobid, (startdate + (we * 14) + dy),
                        to_date('07:00', 'HH24:MI'),
                        to_date('15:00', 'HH24:MI')
                    );
                end loop;
            end loop;


            --- leitender Kommunikationstechniker (1 Monat)
            select r.id
            into raumid
            from RAUM r
            join GEBAEUDE g on (r.gebaeude_standort_x = g.standort_x and r.gebaeude_standort_y = g.standort_y)
            where (g.name = 'Verwaltung')
            and (r.bezeichnung = 'kommunikation');

            insert into JOB(CHEF_id, RAUM_id, titel, auftrag, gehalt, befristet) values(chefid, raumid, 'leitender Kommunikationstechniker', 'Verantwortung über die technische Realisierung der externen Kommunikation der Mondbasis', 2485, 1);
            select JOB_seq.currval into jobid from dual;
            select JOB_seq.currval into chefid2 from dual;
            insert into JOBQUALIFIKATION(JOB_id, QUALI_bezeichnung) values(jobid, 'Kommunikationstechnik Ausbildung');
            insert into JOBQUALIFIKATION(JOB_id, QUALI_bezeichnung) values(jobid, 'Fortbildung Kommunikationsleitung');

            for dy in 0..27 loop
                insert into ARBEITSZEIT(JOB_id, datum, schicht_beginn, schicht_ende)
                values(jobid, (startdate + (we * 14) + dy),
                    to_date('07:00', 'HH24:MI'),
                    to_date('15:00', 'HH24:MI')
                );
            end loop;


            --- Fachkraft für Kommunikationstechnik (1 Monat)
            insert into JOB(CHEF_id, RAUM_id, titel, auftrag, gehalt, befristet) values(chefid2, raumid, 'Fachkraft für Kommunikationstechnik', 'Funktion der externen Kommunikation der Mondbasis gewährleisten', 2200, 1);
            select JOB_seq.currval into jobid from dual;
            insert into JOBQUALIFIKATION(JOB_id, QUALI_bezeichnung) values(jobid, 'Kommunikationstechnik Ausbildung');

            for dy in 0..27 loop
                insert into ARBEITSZEIT(JOB_id, datum, schicht_beginn, schicht_ende)
                values(jobid, (startdate + (we * 14) + dy),
                    to_date('07:00', 'HH24:MI'),
                    to_date('15:00', 'HH24:MI')
                );
            end loop;


            --- leitender Kaufmann im Einkauf (1 Monat)
            select r.id
            into raumid
            from RAUM r
            join GEBAEUDE g on (r.gebaeude_standort_x = g.standort_x and r.gebaeude_standort_y = g.standort_y)
            where (g.name = 'Verwaltung')
            and (r.bezeichnung = 'Büro (Einkauf)');

            insert into JOB(CHEF_id, RAUM_id, titel, auftrag, gehalt, befristet) values(chefid, raumid, 'leitender Kaufmann im Einkauf', 'Verantwortung über Organisation und Zusammenstellung von Bestellungen für kommende Lieferungen', 3175, 1);
            select JOB_seq.currval into jobid from dual;
            select JOB_seq.currval into chefid2 from dual;
            insert into JOBQUALIFIKATION(JOB_id, QUALI_bezeichnung) values(jobid, 'Kaufmann Ausbildung');
            insert into JOBQUALIFIKATION(JOB_id, QUALI_bezeichnung) values(jobid, 'Industrieeinkauf Grundkurs');

            for dy in 0..27 loop
                insert into ARBEITSZEIT(JOB_id, datum, schicht_beginn, schicht_ende)
                values(jobid, (startdate + (we * 14) + dy),
                    to_date('07:00', 'HH24:MI'),
                    to_date('15:00', 'HH24:MI')
                );
            end loop;


            --- 2x Kaufmann im Einkauf (1 Monat)
            for i in 1..2 loop
                insert into JOB(CHEF_id, RAUM_id, titel, auftrag, gehalt, befristet) values(chefid2, raumid, 'Kaufmann im Einkauf', 'Organisation und Zusammenstellung von Bestellungen für kommende Lieferungen', 2350, 1);
                select JOB_seq.currval into jobid from dual;
                insert into JOBQUALIFIKATION(JOB_id, QUALI_bezeichnung) values(jobid, 'Kaufmann Ausbildung');
                insert into JOBQUALIFIKATION(JOB_id, QUALI_bezeichnung) values(jobid, 'Industrieeinkauf Grundkurs');

                for dy in 0..27 loop
                    insert into ARBEITSZEIT(JOB_id, datum, schicht_beginn, schicht_ende)
                    values(jobid, (startdate + (we * 14) + dy),
                        to_date('07:00', 'HH24:MI'),
                        to_date('15:00', 'HH24:MI')
                    );
                end loop;
            end loop;


            --- Manager für Missionsorganisation (1 Monat)
            if (we = 0) then
                select r.id
                into raumid
                from RAUM r
                join GEBAEUDE g on (r.gebaeude_standort_x = g.standort_x and r.gebaeude_standort_y = g.standort_y)
                where (g.name = 'Verwaltung')
                and (r.bezeichnung = 'Büro (Leitung Missionsverwaltung)');

                insert into JOB(CHEF_id, RAUM_id, titel, auftrag, gehalt, befristet) values(chefid, raumid, 'Manager für Missionsorganisation', 'Leitung über die Abteilung Missionsorganisation, Umsetzung beschlossener Missionsvorhaben, Zusammenstellen von Missionen bzw. -gruppen', 16740, 1);
                select JOB_seq.currval into jobid from dual;
                select JOB_seq.currval into chefid2 from dual;
                insert into JOBQUALIFIKATION(JOB_id, QUALI_bezeichnung) values(jobid, 'Missionsmanagement Bachelor');

                for dy in 0..83 loop
                    insert into ARBEITSZEIT(JOB_id, datum, schicht_beginn, schicht_ende)
                    values(jobid, (startdate + dy),
                        to_date('07:00', 'HH24:MI'),
                        to_date('15:00', 'HH24:MI')
                    );
                end loop;
            end if;
                

            --- 2x Missions-Controller (1 Monat)
            for i in 1..2 loop
                insert into JOB(CHEF_id, RAUM_id, titel, auftrag, gehalt, befristet) values(chefid2, raumid, 'Missions-Controller', 'Zusammenstellung von Jobs für Missionen, Organisation von Missionsgruppen, Organsiation und Kontakt mit laufenden Missionen', 2350, 1);
                select JOB_seq.currval into jobid from dual;

                for dy in 0..27 loop
                    insert into ARBEITSZEIT(JOB_id, datum, schicht_beginn, schicht_ende)
                    values(jobid, (startdate + (we * 14) + dy),
                        to_date('07:00', 'HH24:MI'),
                        to_date('15:00', 'HH24:MI')
                    );
                end loop;
            end loop;


            --- Manager für Lagerlogistik (3 Monat)
            if (we = 0) then
                select r.id
                into raumid
                from RAUM r
                join GEBAEUDE g on (r.gebaeude_standort_x = g.standort_x and r.gebaeude_standort_y = g.standort_y)
                where (g.name = 'Verwaltung')
                and (r.bezeichnung = 'Büro (Lagerverwaltung)');

                insert into JOB(CHEF_id, RAUM_id, titel, auftrag, gehalt, befristet) values(chefid, raumid, 'Manager für Lagerlogistik', 'Leitung über die Abteilung Lagerlosgistik', 16740, 1);
                select JOB_seq.currval into jobid from dual;
                select JOB_seq.currval into chefid2 from dual;
                insert into JOBQUALIFIKATION(JOB_id, QUALI_bezeichnung) values(jobid, 'Logistik Master');

                for dy in 0..83 loop
                    insert into ARBEITSZEIT(JOB_id, datum, schicht_beginn, schicht_ende)
                    values(jobid, (startdate + dy),
                        to_date('07:00', 'HH24:MI'),
                        to_date('15:00', 'HH24:MI')
                    );
                end loop;
            end if;


            --- leitender Lagerlogistik-Controller (1 Monat)
            insert into JOB(CHEF_id, RAUM_id, titel, auftrag, gehalt, befristet) values(chefid2, raumid, 'leitender Lagerlogistik-Controller', 'Verantwortung über die gesamte Lagerlosgistik der Mondbasis', 3175, 1);
            select JOB_seq.currval into jobid from dual;
            insert into JOBQUALIFIKATION(JOB_id, QUALI_bezeichnung) values(jobid, 'Logistik Bachelor');
            insert into JOBQUALIFIKATION(JOB_id, QUALI_bezeichnung) values(jobid, 'Fortbildung für Transportlogistik');

            for dy in 0..27 loop
                insert into ARBEITSZEIT(JOB_id, datum, schicht_beginn, schicht_ende)
                values(jobid, (startdate + (we * 14) + dy),
                    to_date('07:00', 'HH24:MI'),
                    to_date('15:00', 'HH24:MI')
                );
            end loop;


            --- Funktechniker (1 Monat)
            select r.id
            into raumid
            from RAUM r
            join GEBAEUDE g on (r.gebaeude_standort_x = g.standort_x and r.gebaeude_standort_y = g.standort_y)
            where (g.name = 'Verwaltung')
            and (r.bezeichnung = 'Sateliten-Technikraum');

            insert into JOB(CHEF_id, RAUM_id, titel, auftrag, gehalt, befristet) values(chefid, raumid, 'Funktechniker', 'Instandhaltung der Funk-Kommunikationsanlage, Wartung und Reparatur der Anlage', 2230, 1);
            select JOB_seq.currval into jobid from dual;
            insert into JOBQUALIFIKATION(JOB_id, QUALI_bezeichnung) values(jobid, 'Funktechniker Ausbildung');

            for dy in 0..27 loop
                insert into ARBEITSZEIT(JOB_id, datum, schicht_beginn, schicht_ende)
                values(jobid, (startdate + (we * 14) + dy),
                    to_date('07:00', 'HH24:MI'),
                    to_date('15:00', 'HH24:MI')
                );
            end loop;


            --- 2x Personal-Controller (1 Monat)
            for i in 1..2 loop
                select r.id
                into raumid
                from RAUM r
                join GEBAEUDE g on (r.gebaeude_standort_x = g.standort_x and r.gebaeude_standort_y = g.standort_y)
                where (g.name = 'Verwaltung')
                and (r.bezeichnung = 'Büro (Personalverwaltung)');

                insert into JOB(CHEF_id, RAUM_id, titel, auftrag, gehalt, befristet) values(chefid, raumid, 'Personal-Controller', 'Anliegen von Bewohnern behandeln, Recruiting von potentiellen Bewohnern von der Erde, Organisation von An- / Abreise und Unterbringung', 3120, 1);
                select JOB_seq.currval into jobid from dual;

                for dy in 0..27 loop
                    insert into ARBEITSZEIT(JOB_id, datum, schicht_beginn, schicht_ende)
                    values(jobid, (startdate + (we * 14) + dy),
                        to_date('07:00', 'HH24:MI'),
                        to_date('15:00', 'HH24:MI')
                    );
                end loop;
            end loop;
	end if;



    --- Treibstofffabrik ---
        --- Chemisch-Technischer Assistent in Werksleitung (1 Monat)
        if ((we = 0) or (we = 2) or (we = 4)) then
            select r.id
            into raumid
            from RAUM r
            join GEBAEUDE g on (r.gebaeude_standort_x = g.standort_x and r.gebaeude_standort_y = g.standort_y)
            where (g.name = 'Treibstofffabrik')
            and (r.bezeichnung = 'Büro (Werksleitung)');

            insert into JOB(CHEF_id, RAUM_id, titel, auftrag, gehalt, befristet) values(chefid, raumid, 'Chemisch-Technischer Assistent in Werksleitung', 'Werksleitung der Treibstofffabrik', 4215, 1);
            select JOB_seq.currval into jobid from dual;
            select JOB_seq.currval into chefid from dual;
            insert into JOBQUALIFIKATION(JOB_id, QUALI_bezeichnung) values(jobid, 'Chemisch-Technischer-Assistent Ausbildung');
            insert into JOBQUALIFIKATION(JOB_id, QUALI_bezeichnung) values(jobid, 'Fortbildung für Elektrolysetechnik');
            insert into JOBQUALIFIKATION(JOB_id, QUALI_bezeichnung) values(jobid, 'Fortbildung für CO2-Abschneidetechnik');
            insert into JOBQUALIFIKATION(JOB_id, QUALI_bezeichnung) values(jobid, 'Fortbildung für Fischer-Tropsch-Reaktionen');

            for dy in 0..27 loop
                insert into ARBEITSZEIT(JOB_id, datum, schicht_beginn, schicht_ende)
                values(jobid, (startdate + (we * 14) + dy),
                    to_date('08:00', 'HH24:MI'),
                    to_date('16:00', 'HH24:MI')
                );
            end loop;
        end if;


        --- leitender Chemisch-Technischer Assistent (2 Wochen)
        select r.id
        into raumid
        from RAUM r
        join GEBAEUDE g on (r.gebaeude_standort_x = g.standort_x and r.gebaeude_standort_y = g.standort_y)
        where (g.name = 'Treibstofffabrik')
        and (r.bezeichnung = 'Hydrolyse-Halle');

        insert into JOB(CHEF_id, RAUM_id, titel, auftrag, gehalt, befristet) values(chefid, raumid, 'leitender Chemisch-Technischer Assistent', 'Verantwortung über die Abteilung Hydrolyse der Treibstofffabrik', 1435, 1);
        select JOB_seq.currval into jobid from dual;
        select JOB_seq.currval into chefid2 from dual;
        insert into JOBQUALIFIKATION(JOB_id, QUALI_bezeichnung) values(jobid, 'Chemisch-Technischer-Assistent Ausbildung');
        insert into JOBQUALIFIKATION(JOB_id, QUALI_bezeichnung) values(jobid, 'Fortbildung für Elektrolysetechnik');

        for dy in 0..13 loop
            insert into ARBEITSZEIT(JOB_id, datum, schicht_beginn, schicht_ende)
            values(jobid, (startdate + (we * 14) + dy),
                to_date('07:00', 'HH24:MI'),
                to_date('15:00', 'HH24:MI')
            );
        end loop;

        --- 2x Chemisch-Technischer Assistent (2 Wochen)
        for i in 1..2 loop
            insert into JOB(CHEF_id, RAUM_id, titel, auftrag, gehalt, befristet) values(chefid2, raumid, 'Chemisch-Technischer Assistent', 'Arbeiten an chemisch-technischen Maschinen in der Abteilung Hydrolyse der Treibstofffabrik', 1170, 1);
            select JOB_seq.currval into jobid from dual;
            insert into JOBQUALIFIKATION(JOB_id, QUALI_bezeichnung) values(jobid, 'Chemisch-Technischer-Assistent Ausbildung');

            for dy in 0..13 loop
                insert into ARBEITSZEIT(JOB_id, datum, schicht_beginn, schicht_ende)
                values(jobid, (startdate + (we * 14) + dy),
                    to_date('07:00', 'HH24:MI'),
                    to_date('15:00', 'HH24:MI')
                );
            end loop;
        end loop;


        --- leitender Chemisch-Technischer Assistent (2 Wochen)
        select r.id
        into raumid
        from RAUM r
        join GEBAEUDE g on (r.gebaeude_standort_x = g.standort_x and r.gebaeude_standort_y = g.standort_y)
        where (g.name = 'Treibstofffabrik')
        and (r.bezeichnung = 'CO2-Abscheidung-Halle');

        insert into JOB(CHEF_id, RAUM_id, titel, auftrag, gehalt, befristet) values(chefid, raumid, 'leitender Chemisch-Technischer Assistent', 'Verantwortung über die Abteilung CO2-Abschneidung der Treibstofffabrik', 1435, 1);
        select JOB_seq.currval into jobid from dual;
        select JOB_seq.currval into chefid2 from dual;
        insert into JOBQUALIFIKATION(JOB_id, QUALI_bezeichnung) values(jobid, 'Chemisch-Technischer-Assistent Ausbildung');
        insert into JOBQUALIFIKATION(JOB_id, QUALI_bezeichnung) values(jobid, 'Fortbildung für CO2-Abschneidetechnik');

        for dy in 0..13 loop
            insert into ARBEITSZEIT(JOB_id, datum, schicht_beginn, schicht_ende)
            values(jobid, (startdate + (we * 14) + dy),
                to_date('07:00', 'HH24:MI'),
                to_date('15:00', 'HH24:MI')
            );
        end loop;


        --- 2x Chemisch-Technischer Assistent (2 Wochen)
        for i in 1..2 loop
            insert into JOB(CHEF_id, RAUM_id, titel, auftrag, gehalt, befristet) values(chefid2, raumid, 'Chemisch-Technischer Assistent', 'Arbeiten an chemisch-technischen Maschinen in der Abteilung CO2-Abschneidung der Treibstofffabrik', 1170, 1);
            select JOB_seq.currval into jobid from dual;
            insert into JOBQUALIFIKATION(JOB_id, QUALI_bezeichnung) values(jobid, 'Chemisch-Technischer-Assistent Ausbildung');

            for dy in 0..13 loop
                insert into ARBEITSZEIT(JOB_id, datum, schicht_beginn, schicht_ende)
                values(jobid, (startdate + (we * 14) + dy),
                    to_date('07:00', 'HH24:MI'),
                    to_date('15:00', 'HH24:MI')
                );
            end loop;
        end loop;


        --- leitender Chemisch-Technischer Assistent (2 Wochen)
        select r.id
        into raumid
        from RAUM r
        join GEBAEUDE g on (r.gebaeude_standort_x = g.standort_x and r.gebaeude_standort_y = g.standort_y)
        where (g.name = 'Treibstofffabrik')
        and (r.bezeichnung = 'Fischer-Tropsch-Halle');

        insert into JOB(CHEF_id, RAUM_id, titel, auftrag, gehalt, befristet) values(chefid, raumid, 'leitender Chemisch-Technischer Assistent', 'Verantwortung über die Fischer-Tropsch-Abteilung der Treibstofffabrik', 1435, 1);
        select JOB_seq.currval into jobid from dual;
        select JOB_seq.currval into chefid2 from dual;
        insert into JOBQUALIFIKATION(JOB_id, QUALI_bezeichnung) values(jobid, 'Chemisch-Technischer-Assistent Ausbildung');
        insert into JOBQUALIFIKATION(JOB_id, QUALI_bezeichnung) values(jobid, 'Fortbildung für Fischer-Tropsch-Reaktionen');

        for dy in 0..13 loop
            insert into ARBEITSZEIT(JOB_id, datum, schicht_beginn, schicht_ende)
            values(jobid, (startdate + (we * 14) + dy),
                to_date('07:00', 'HH24:MI'),
                to_date('15:00', 'HH24:MI')
            );
        end loop;


        --- 2x Chemisch-Technischer Assistent (2 Wochen)
        for i in 1..2 loop
            insert into JOB(CHEF_id, RAUM_id, titel, auftrag, gehalt, befristet) values(chefid2, raumid, 'Chemisch-Technischer Assistent', 'Arbeiten an chemisch-technischen Maschinen in der Fischer-Tropsch-Abteilung der Treibstofffabrik', 1170, 1);
            select JOB_seq.currval into jobid from dual;
            insert into JOBQUALIFIKATION(JOB_id, QUALI_bezeichnung) values(jobid, 'Chemisch-Technischer-Assistent Ausbildung');

            for dy in 0..13 loop
                insert into ARBEITSZEIT(JOB_id, datum, schicht_beginn, schicht_ende)
                values(jobid, (startdate + (we * 14) + dy),
                    to_date('07:00', 'HH24:MI'),
                    to_date('15:00', 'HH24:MI')
                );
            end loop;
        end loop;


        if ((we = 0) or (we = 2) or (we = 4)) then
            --- Chemie-Master (1 Monat)
            select r.id
            into raumid
            from RAUM r
            join GEBAEUDE g on (r.gebaeude_standort_x = g.standort_x and r.gebaeude_standort_y = g.standort_y)
            where (g.name = 'Treibstofffabrik')
            and (r.bezeichnung = 'Büro (Fischer-Tropsch-Reaktion)');

            insert into JOB(RAUM_id, titel, auftrag, gehalt, befristet) values(raumid, 'Chemie-Master', 'chemische Leitung der Abteilung Fischer-Tropsch-Abteilung der Treibstofffabrik', 5760, 1);
            select JOB_seq.currval into jobid from dual;
            insert into JOBQUALIFIKATION(JOB_id, QUALI_bezeichnung) values(jobid, 'Chemie Master');
            insert into JOBQUALIFIKATION(JOB_id, QUALI_bezeichnung) values(jobid, 'Fortbildung für Fischer-Tropsch-Reaktionen');

            for dy in 0..27 loop
                insert into ARBEITSZEIT(JOB_id, datum, schicht_beginn, schicht_ende)
                values(jobid, (startdate + (we * 14) + dy),
                    to_date('08:00', 'HH24:MI'),
                    to_date('14:00', 'HH24:MI')
                );
            end loop;


            --- Chemie-Master (1 Monat)
            select r.id
            into raumid
            from RAUM r
            join GEBAEUDE g on (r.gebaeude_standort_x = g.standort_x and r.gebaeude_standort_y = g.standort_y)
            where (g.name = 'Treibstofffabrik')
            and (r.bezeichnung = 'Büro (CO2-Abschneidungs-Chemie)');

            insert into JOB(RAUM_id, titel, auftrag, gehalt, befristet) values(raumid, 'Chemie-Master', 'chemische Leitung der Abteilung CO2-Abschneidung der Treibstofffabrik', 5530, 1);
            select JOB_seq.currval into jobid from dual;
            insert into JOBQUALIFIKATION(JOB_id, QUALI_bezeichnung) values(jobid, 'Chemie Master');
            insert into JOBQUALIFIKATION(JOB_id, QUALI_bezeichnung) values(jobid, 'Fortbildung für CO2-Abschneidetechnik');

            for dy in 0..27 loop
                insert into ARBEITSZEIT(JOB_id, datum, schicht_beginn, schicht_ende)
                values(jobid, (startdate + (we * 14) + dy),
                    to_date('08:00', 'HH24:MI'),
                    to_date('14:00', 'HH24:MI')
                );
            end loop;


            --- Chemie-Master (1 Monat)
            select r.id
            into raumid
            from RAUM r
            join GEBAEUDE g on (r.gebaeude_standort_x = g.standort_x and r.gebaeude_standort_y = g.standort_y)
            where (g.name = 'Treibstofffabrik')
            and (r.bezeichnung = 'Büro (Hydrolyse-Chemie)');

            insert into JOB(RAUM_id, titel, auftrag, gehalt, befristet) values(raumid, 'Chemie-Master', 'chemische Leitung der Abteilung Hydrolyse der Treibstofffabrik', 5530, 1);
            select JOB_seq.currval into jobid from dual;
            insert into JOBQUALIFIKATION(JOB_id, QUALI_bezeichnung) values(jobid, 'Chemie Master');
            insert into JOBQUALIFIKATION(JOB_id, QUALI_bezeichnung) values(jobid, 'Fortbildung für Elektrolysetechnik');

            for dy in 0..27 loop
                insert into ARBEITSZEIT(JOB_id, datum, schicht_beginn, schicht_ende)
                values(jobid, (startdate + (we * 14) + dy),
                    to_date('08:00', 'HH24:MI'),
                    to_date('14:00', 'HH24:MI')
                );
            end loop;
        end if;


        --- 2x Fachkraft für Industriereinigung (2 Wochen)
         for i in 1..2 loop
            select r.id
            into raumid
            from RAUM r
            join GEBAEUDE g on (r.gebaeude_standort_x = g.standort_x and r.gebaeude_standort_y = g.standort_y)
            where (g.name = 'Treibstofffabrik')
            and (r.bezeichnung = 'Pausenraum');

            insert into JOB(CHEF_id, RAUM_id, titel, auftrag, gehalt, befristet) values(chefid, raumid, 'Fachkraft für Industriereinigung', 'Reinigung der Treibstofffabrik', 975, 1);
            select JOB_seq.currval into jobid from dual;
            insert into JOBQUALIFIKATION(JOB_id, QUALI_bezeichnung) values(jobid, 'Industriereiniger Ausbildung');

            for dy in 0..13 loop
                insert into ARBEITSZEIT(JOB_id, datum, schicht_beginn, schicht_ende)
                values(jobid, (startdate + (we * 14) + dy),
                    to_date('16:00', 'HH24:MI'),
                    to_date('20:00', 'HH24:MI')
                );
            end loop;

            select id
            into ressid
            from RESSOURCE
            where bezeichnung = 'Bodenreiniger';

            insert into JOBRESSOURCE(JOB_id, RESSOURCE_id) values(jobid, ressid);
        end loop;



    --- Fahrzeug-Werkstatt ---
        --- leitender Fahrzeug-Mechatroniker (2 Wochen)
        select r.id
        into raumid
        from RAUM r
        join GEBAEUDE g on (r.gebaeude_standort_x = g.standort_x and r.gebaeude_standort_y = g.standort_y)
        where (g.name = 'Fahrzeug-Werkstatt')
        and (r.bezeichnung = 'Büro (Werksleitung)');

        insert into JOB(RAUM_id, titel, auftrag, gehalt, befristet) values(raumid, 'leitender Fahrzeug-Mechatroniker', 'Verantwortung über Wartungs- und Reparaturarbeiten an Fahrzeugen', 1480, 1);
        select JOB_seq.currval into jobid from dual;
        select JOB_seq.currval into chefid from dual;
        insert into JOBQUALIFIKATION(JOB_id, QUALI_bezeichnung) values(jobid, 'Fahrzeug-Mechatroniker Ausbildung');
        insert into JOBQUALIFIKATION(JOB_id, QUALI_bezeichnung) values(jobid, 'Fortbildung für Elektro-Fahrzeuge');

        for dy in 0..13 loop
            insert into ARBEITSZEIT(JOB_id, datum, schicht_beginn, schicht_ende)
            values(jobid, (startdate + (we * 14) + dy),
                to_date('08:00', 'HH24:MI'),
                to_date('16:00', 'HH24:MI')
            );
        end loop;


        --- 2x Fahrzeug-Mechatroniker (2 Wochen)
        for i in 1..2 loop
            select r.id
            into raumid
            from RAUM r
            join GEBAEUDE g on (r.gebaeude_standort_x = g.standort_x and r.gebaeude_standort_y = g.standort_y)
            where (g.name = 'Fahrzeug-Werkstatt')
            and (r.bezeichnung = 'Pausenraum');

            insert into JOB(CHEF_id, RAUM_id, titel, auftrag, gehalt, befristet) values(chefid, raumid, 'Fahrzeug-Mechatroniker', 'Wartungs- und Reparaturarbeiten an Fahrzeugen', 1225, 1);
            select JOB_seq.currval into jobid from dual;
            insert into JOBQUALIFIKATION(JOB_id, QUALI_bezeichnung) values(jobid, 'Fahrzeug-Mechatroniker Ausbildung');
            insert into JOBQUALIFIKATION(JOB_id, QUALI_bezeichnung) values(jobid, 'Elektor-Motor Grundkurs');

            for dy in 0..13 loop
                insert into ARBEITSZEIT(JOB_id, datum, schicht_beginn, schicht_ende)
                values(jobid, (startdate + (we * 14) + dy),
                    to_date('08:00', 'HH24:MI'),
                    to_date('16:00', 'HH24:MI')
                );
            end loop;
        end loop;



    --- Großes Maschinenlager ---
        --- Anlagentechniker (2 Wochen)
        select r.id
        into raumid
        from RAUM r
        join GEBAEUDE g on (r.gebaeude_standort_x = g.standort_x and r.gebaeude_standort_y = g.standort_y)
        where (g.name = 'Großes Maschinenlager')
        and (r.bezeichnung = 'Werkstatt');

        insert into JOB(RAUM_id, titel, auftrag, gehalt, befristet) values(raumid, 'Anlagentechniker', 'Reparatur- und Wartungsarbeiten an Geräten im Großen Maschinenlager', 1315, 1);
        select JOB_seq.currval into jobid from dual;
        insert into JOBQUALIFIKATION(JOB_id, QUALI_bezeichnung) values(jobid, 'Anlagentechniker Ausbildung');

        for dy in 0..13 loop
            insert into ARBEITSZEIT(JOB_id, datum, schicht_beginn, schicht_ende)
            values(jobid, (startdate + (we * 14) + dy),
                to_date('08:00', 'HH24:MI'),
                to_date('16:00', 'HH24:MI')
            );
        end loop;


        --- Transportlogistik-Controller (2 Wochen)
        select r.id
        into raumid
        from RAUM r
        join GEBAEUDE g on (r.gebaeude_standort_x = g.standort_x and r.gebaeude_standort_y = g.standort_y)
        where (g.name = 'Großes Maschinenlager')
        and (r.bezeichnung = 'Büro (Transportlogistik)');

        insert into JOB(RAUM_id, titel, auftrag, gehalt, befristet) values(raumid, 'Transportlogistik-Controller', 'Planung / Organisation von eingehenden und ausgehenden Warentransporten im Großen Maschinenlager', 1700, 1);
        select JOB_seq.currval into jobid from dual;
        select JOB_seq.currval into chefid from dual;
        insert into JOBQUALIFIKATION(JOB_id, QUALI_bezeichnung) values(jobid, 'Transportlogistik Ausbildung');

        for dy in 0..13 loop
            insert into ARBEITSZEIT(JOB_id, datum, schicht_beginn, schicht_ende)
            values(jobid, (startdate + (we * 14) + dy),
                to_date('08:00', 'HH24:MI'),
                to_date('16:00', 'HH24:MI')
            );
        end loop;


        --- leitender Verlade-Lagerist (2 Wochen)
        select r.id
        into raumid
        from RAUM r
        join GEBAEUDE g on (r.gebaeude_standort_x = g.standort_x and r.gebaeude_standort_y = g.standort_y)
        where (g.name = 'Großes Maschinenlager')
        and (r.bezeichnung = 'Büro (Wareneingang / -ausgang)');

        insert into JOB(CHEF_id, RAUM_id, titel, auftrag, gehalt, befristet) values(chefid, raumid, 'leitender Verlade-Lagerist', 'Verantwortung über Annahme und Ausgang von Waren im Großen Maschinenlager', 1480, 1);
        select JOB_seq.currval into jobid from dual;
        select JOB_seq.currval into chefid from dual;
        insert into JOBQUALIFIKATION(JOB_id, QUALI_bezeichnung) values(jobid, 'Gabelstapler Führerschein');
        insert into JOBQUALIFIKATION(JOB_id, QUALI_bezeichnung) values(jobid, 'Lageristen Ausbildung');

        for dy in 0..13 loop
            insert into ARBEITSZEIT(JOB_id, datum, schicht_beginn, schicht_ende)
            values(jobid, (startdate + (we * 14) + dy),
                to_date('08:00', 'HH24:MI'),
                to_date('16:00', 'HH24:MI')
            );
        end loop;


        --- 2x Verlade-Lagerist (2 Wochen)
        for i in 1..2 loop
            insert into JOB(CHEF_id, RAUM_id, titel, auftrag, gehalt, befristet) values(chefid, raumid, 'Verlade-Lagerist', 'Transport und Verladen von Waren in der Verladehalle des Großen Maschinenlager', 1145, 1);
            select JOB_seq.currval into jobid from dual;
            insert into JOBQUALIFIKATION(JOB_id, QUALI_bezeichnung) values(jobid, 'Gabelstapler Führerschein');

            for dy in 0..13 loop
                insert into ARBEITSZEIT(JOB_id, datum, schicht_beginn, schicht_ende)
                values(jobid, (startdate + (we * 14) + dy),
                    to_date('08:00', 'HH24:MI'),
                    to_date('16:00', 'HH24:MI')
                );
            end loop;
        end loop;


        --- 2x Lagerlogistik-Controller (2 Wochen)
        for i in 1..2 loop
            select r.id
            into raumid
            from RAUM r
            join GEBAEUDE g on (r.gebaeude_standort_x = g.standort_x and r.gebaeude_standort_y = g.standort_y)
            where (g.name = 'Großes Maschinenlager')
            and (r.bezeichnung = 'Büro (Lagerlogistik)');

            insert into JOB(RAUM_id, titel, auftrag, gehalt, befristet) values(raumid, 'Lagerlogistik-Controller', 'Planung / Organisation der internen Logistikvorgänge im Großen Maschinenlager', 1825, 1);
            select JOB_seq.currval into jobid from dual;
            select JOB_seq.currval into chefid from dual;
            insert into JOBQUALIFIKATION(JOB_id, QUALI_bezeichnung) values(jobid, 'Lagerlogistik Ausbildung');

            for dy in 0..13 loop
                insert into ARBEITSZEIT(JOB_id, datum, schicht_beginn, schicht_ende)
                values(jobid, (startdate + (we * 14) + dy),
                    to_date('08:00', 'HH24:MI'),
                    to_date('16:00', 'HH24:MI')
                );
            end loop;
        end loop;


        --- 2x Lagerist (2 Wochen)
        for i in 1..2 loop
            select r.id
            into raumid
            from RAUM r
            join GEBAEUDE g on (r.gebaeude_standort_x = g.standort_x and r.gebaeude_standort_y = g.standort_y)
            where (g.name = 'Großes Maschinenlager')
            and (r.bezeichnung = 'Pausenraum');

            insert into JOB(CHEF_id, RAUM_id, titel, auftrag, gehalt, befristet) values(chefid, raumid, 'Lagerist', 'Transport von Waren innerhalb des Großen Maschinenlagers', 1145, 1);
            select JOB_seq.currval into jobid from dual;
            insert into JOBQUALIFIKATION(JOB_id, QUALI_bezeichnung) values(jobid, 'Gabelstapler Führerschein');

            for dy in 0..13 loop
                insert into ARBEITSZEIT(JOB_id, datum, schicht_beginn, schicht_ende)
                values(jobid, (startdate + (we * 14) + dy),
                    to_date('08:00', 'HH24:MI'),
                    to_date('16:00', 'HH24:MI')
                );
            end loop;
        end loop;



    --- Unterkünfte ---
        --- Gebäudereiniger (Wohnkomplex A)
        select r.id
        into raumid
        from RAUM r
        join GEBAEUDE g on (r.gebaeude_standort_x = g.standort_x and r.gebaeude_standort_y = g.standort_y)
        where (g.name = 'Wohnkomplex A')
        and (r.bezeichnung = 'Pausenraum');

        insert into JOB(RAUM_id, titel, auftrag, gehalt, befristet) values(raumid, 'Gebäudereiniger', 'Reinigung der Räumlichkeiten in Wohnkomplex A', 925, 1);
        select JOB_seq.currval into jobid from dual;

        for dy in 0..13 loop
            insert into ARBEITSZEIT(JOB_id, datum, schicht_beginn, schicht_ende)
            values(jobid, (startdate + (we * 14) + dy),
                to_date('16:00', 'HH24:MI'),
                to_date('22:00', 'HH24:MI')
            );
        end loop;

        select id
        into ressid
        from RESSOURCE
        where bezeichnung = 'Bodenreiniger';

        insert into JOBRESSOURCE(JOB_id, RESSOURCE_id) values(jobid, ressid);


        --- Gebäudereiniger (Wohnkomplex B)
        select r.id
        into raumid
        from RAUM r
        join GEBAEUDE g on (r.gebaeude_standort_x = g.standort_x and r.gebaeude_standort_y = g.standort_y)
        where (g.name = 'Wohnkomplex B')
        and (r.bezeichnung = 'Pausenraum');

        insert into JOB(RAUM_id, titel, auftrag, gehalt, befristet) values(raumid, 'Gebäudereiniger', 'Reinigung der Räumlichkeiten in Wohnkomplex B', 925, 1);
        select JOB_seq.currval into jobid from dual;

        for dy in 0..13 loop
            insert into ARBEITSZEIT(JOB_id, datum, schicht_beginn, schicht_ende)
            values(jobid, (startdate + (we * 14) + dy),
                to_date('16:00', 'HH24:MI'),
                to_date('22:00', 'HH24:MI')
            );
        end loop;

        select id
        into ressid
        from RESSOURCE
        where bezeichnung = 'Bodenreiniger';

        insert into JOBRESSOURCE(JOB_id, RESSOURCE_id) values(jobid, ressid);


        --- Gebäudereiniger (Unterkunft Ost)
        select r.id
        into raumid
        from RAUM r
        join GEBAEUDE g on (r.gebaeude_standort_x = g.standort_x and r.gebaeude_standort_y = g.standort_y)
        where (g.name = 'Unterkunft Ost')
        and (r.bezeichnung = 'Pausenraum');

        insert into JOB(RAUM_id, titel, auftrag, gehalt, befristet) values(raumid, 'Gebäudereiniger', 'Reinigung der Räumlichkeiten in Unterkunft Ost', 925, 1);
        select JOB_seq.currval into jobid from dual;

        for dy in 0..13 loop
            insert into ARBEITSZEIT(JOB_id, datum, schicht_beginn, schicht_ende)
            values(jobid, (startdate + (we * 14) + dy),
                to_date('16:00', 'HH24:MI'),
                to_date('22:00', 'HH24:MI')
            );
        end loop;

        select id
        into ressid
        from RESSOURCE
        where bezeichnung = 'Bodenreiniger';

        insert into JOBRESSOURCE(JOB_id, RESSOURCE_id) values(jobid, ressid);



    --- Import-Lager ---
        --- Transportlogistik-Controller (2 Wochen)
      	select r.id
        into raumid
        from RAUM r
        join GEBAEUDE g on (r.gebaeude_standort_x = g.standort_x and r.gebaeude_standort_y = g.standort_y)
        where (g.name = 'Import-Lagerhalle')
        and (r.bezeichnung = 'Büro (Lagereingang)');

        insert into JOB(RAUM_id, titel, auftrag, gehalt, befristet) values(raumid, 'Transportlogistik-Controller', 'Planung / Organisation von ein- und ausgehenden Warentransporten im Import-Lager', 2105, 1);
        select JOB_seq.currval into jobid from dual;
        insert into JOBQUALIFIKATION(JOB_id, QUALI_bezeichnung) values(jobid, 'Transportlogistik Ausbildung');

        for dy in 0..13 loop
            insert into ARBEITSZEIT(JOB_id, datum, schicht_beginn, schicht_ende)
            values(jobid, (startdate + (we * 14) + dy),
                to_date('08:00', 'HH24:MI'),
                to_date('16:00', 'HH24:MI')
            );
        end loop;


        --- Warentransport-Fahrer (2 Wochen)
        insert into JOB(CHEF_id, RAUM_id, titel, auftrag, gehalt, befristet) values(chefid, raumid, 'Warentransport-Fahrer', 'Transport von Waren zwischen dem Import-Lager und dem Zentral-Depot', 2135, 1);
        select JOB_seq.currval into jobid from dual;
        insert into JOBQUALIFIKATION(JOB_id, QUALI_bezeichnung) values(jobid, 'Fahrzeug Führerschein');
        insert into JOBQUALIFIKATION(JOB_id, QUALI_bezeichnung) values(jobid, 'Mondfahrzeug Grundkurs');

        for dy in 0..13 loop
            insert into ARBEITSZEIT(JOB_id, datum, schicht_beginn, schicht_ende)
            values(jobid, (startdate + (we * 14) + dy),
                to_date('09:00', 'HH24:MI'),
                to_date('17:00', 'HH24:MI')
            );
        end loop;


        --- Warentransport-Fahrer (2 Wochen)
        insert into JOB(CHEF_id, RAUM_id, titel, auftrag, gehalt, befristet) values(chefid, raumid, 'Warentransport-Fahrer', 'Transport von Waren zwischen dem Import-Lager und dem Großen Maschinenlager', 2135, 1);
        select JOB_seq.currval into jobid from dual;
        insert into JOBQUALIFIKATION(JOB_id, QUALI_bezeichnung) values(jobid, 'Fahrzeug Führerschein');
        insert into JOBQUALIFIKATION(JOB_id, QUALI_bezeichnung) values(jobid, 'Mondfahrzeug Grundkurs');

        for dy in 0..13 loop
            insert into ARBEITSZEIT(JOB_id, datum, schicht_beginn, schicht_ende)
            values(jobid, (startdate + (we * 14) + dy),
                to_date('09:00', 'HH24:MI'),
                to_date('15:00', 'HH24:MI')
            );
        end loop;


        --- Lagerlogistik-Controller (2 Wochen)
        select r.id
        into raumid
        from RAUM r
        join GEBAEUDE g on (r.gebaeude_standort_x = g.standort_x and r.gebaeude_standort_y = g.standort_y)
        where (g.name = 'Import-Lagerhalle')
        and (r.bezeichnung = 'Büro (Lagerlogistik)');

        insert into JOB(RAUM_id, titel, auftrag, gehalt, befristet) values(raumid, 'Lagerlogistik-Controller', 'Planung / Organisation der internen Logistikvorgänge im Import-Lager', 1750, 1);
        select JOB_seq.currval into jobid from dual;
        select JOB_seq.currval into chefid from dual;
        insert into JOBQUALIFIKATION(JOB_id, QUALI_bezeichnung) values(jobid, 'Lagerlogistik Ausbildung');

        for dy in 0..13 loop
            insert into ARBEITSZEIT(JOB_id, datum, schicht_beginn, schicht_ende)
            values(jobid, (startdate + (we * 14) + dy),
                to_date('08:00', 'HH24:MI'),
                to_date('16:00', 'HH24:MI')
            );
        end loop;


        --- 2x Lagerist (2 Wochen)
        for i in 1..2 loop
            select r.id
            into raumid
            from RAUM r
            join GEBAEUDE g on (r.gebaeude_standort_x = g.standort_x and r.gebaeude_standort_y = g.standort_y)
            where (g.name = 'Import-Lagerhalle')
            and (r.bezeichnung = 'Pausenraum');

            insert into JOB(CHEF_id, RAUM_id, titel, auftrag, gehalt, befristet) values(chefid, raumid, 'Lagerist', 'Transport von Waren innerhalb des Import-Lagers, Verladen von Wareneingängen und -ausgängen', 1135, 1);
            select JOB_seq.currval into jobid from dual;
            insert into JOBQUALIFIKATION(JOB_id, QUALI_bezeichnung) values(jobid, 'Gabelstapler Führerschein');

            for dy in 0..13 loop
                insert into ARBEITSZEIT(JOB_id, datum, schicht_beginn, schicht_ende)
                values(jobid, (startdate + (we * 14) + dy),
                    to_date('08:00', 'HH24:MI'),
                    to_date('16:00', 'HH24:MI')
                );
            end loop;
        end loop;



    --- Kleines Maschinenlager ---
        --- Lagerlogistik-Controller (2 Wochen)
        select r.id
        into raumid
        from RAUM r
        join GEBAEUDE g on (r.gebaeude_standort_x = g.standort_x and r.gebaeude_standort_y = g.standort_y)
        where (g.name = 'Kleines Maschinenlager')
        and (r.bezeichnung = 'Büro (Lagerlogistik)');

        insert into JOB(RAUM_id, titel, auftrag, gehalt, befristet) values(raumid, 'Lagerlogistik-Controller', 'Planung / Organisation der internen Logistikvorgänge, von ausgehenden Warentransporten im Kleinen Maschinenlager', 1870, 1);
        select JOB_seq.currval into jobid from dual;
        select JOB_seq.currval into chefid from dual;
        insert into JOBQUALIFIKATION(JOB_id, QUALI_bezeichnung) values(jobid, 'Lagerlogistik Ausbildung');

        for dy in 0..13 loop
            insert into ARBEITSZEIT(JOB_id, datum, schicht_beginn, schicht_ende)
            values(jobid, (startdate + (we * 14) + dy),
                to_date('08:00', 'HH24:MI'),
                to_date('16:00', 'HH24:MI')
            );
        end loop;


        --- Lagerist (2 Wochen)
        select r.id
        into raumid
        from RAUM r
        join GEBAEUDE g on (r.gebaeude_standort_x = g.standort_x and r.gebaeude_standort_y = g.standort_y)
        where (g.name = 'Kleines Maschinenlager')
        and (r.bezeichnung = 'Pausenraum');

        insert into JOB(CHEF_id, RAUM_id, titel, auftrag, gehalt, befristet) values(chefid, raumid, 'Lagerist', 'Transport von Waren innerhalb des im Kleinen Maschinenlagers, Verladen von Wareneingängen und -ausgängen', 1145, 1);
        select JOB_seq.currval into jobid from dual;
        insert into JOBQUALIFIKATION(JOB_id, QUALI_bezeichnung) values(jobid, 'Gabelstapler Führerschein');

        for dy in 0..13 loop
            insert into ARBEITSZEIT(JOB_id, datum, schicht_beginn, schicht_ende)
            values(jobid, (startdate + (we * 14) + dy),
                to_date('08:00', 'HH24:MI'),
                to_date('16:00', 'HH24:MI')
            );
        end loop;



    --- Fahrzeug-Ersatzteilelager ---
        --- Lagerist (2 Wochen)
        select r.id
        into raumid
        from RAUM r
        join GEBAEUDE g on (r.gebaeude_standort_x = g.standort_x and r.gebaeude_standort_y = g.standort_y)
        where (g.name = 'Kleines Maschinenlager')
        and (r.bezeichnung = 'Pausenraum');

        insert into JOB(RAUM_id, titel, auftrag, gehalt, befristet) values(raumid, 'Lagerist', 'Transport von Waren innerhalb des im Fahrzeug-Ersatzteilelage, Verladen von Wareneingängen und -ausgängen', 1215, 1);
        select JOB_seq.currval into jobid from dual;
        insert into JOBQUALIFIKATION(JOB_id, QUALI_bezeichnung) values(jobid, 'Gabelstapler Führerschein');

        for dy in 0..13 loop
            insert into ARBEITSZEIT(JOB_id, datum, schicht_beginn, schicht_ende)
            values(jobid, (startdate + (we * 14) + dy),
                to_date('08:00', 'HH24:MI'),
                to_date('16:00', 'HH24:MI')
            );
        end loop;

    --- End der Wochenschleife
    end loop;
end;
/